LÔ-MÁ-JĪ,HÀN-JĪ,IA̍H-SÒ͘
Gia5-kang-tshau2,蜈蚣草,2
To2-te2-gia5-kang,倒地蜈蚣,2
To2-ki5-lin5,倒麒麟,2
Tue7-gia5-kang,地蜈蚣,2
Ke3-lo-gia5-kang,過路蜈蚣,2
Pit-tang5-tshiu7,筆筒樹,5
Kuan3-tsiong3,貫眾,5
Kut-tshui3-poo3,骨碎補,5
Kau2-tsit,狗脊,5
Ling5-lan5-tshau2,龍麟草,6
Hong7-be2-tshau2,鳳尾草,8
Suann-neh-kiau,山蕨猫,12
Hong-put-tong7,風不動,13
Tshiu7-ling5,樹龍,13
Tsioh8-kiam3,石劍,13
Be2-be2-si,馬尾絲,14
Hong7-be2-tshau2,鳳尾草,14
Keh-niau,蕨猫,16
Ke2-kau-tshai2,過溝菜,16
Suann-ti-a2-lan7-hut8,山猪仔€核,30
Thoo2-tshuan-ni5,土川連,30
Hong7-be2-pit,鳳尾筆,30
Be2-be2-si,馬尾絲,30
Ah-kha-pe5,鴨腳筢,33
Ah-tue5-tshau2,鴨蹄草,33
Kim-tsioh8-ui2,金石韋,35
Keh-niau-tshau2,蕨猫草,39
Hong7-be2-tshau2,鳳尾草,39
Tsinn2-pinn-tshau2,井邊草,40
Tsui2-khun5-tshai2,水芹菜,42
Mng-a2,€仔,42
Tiann-tshe-tin5,鼎炊藤,43
Tin-tiong-pit,珍中筆,43
Hong7-be2-tshau2,鳳尾草,43
Tiann-tshue3-tin5,鼎刷藤,43
Si3-hioh8-tshai3,四葉菜,44
Tsui2-iam5-sng,水鹽酸,44
Khu-phio5,丘萍,44
Bok8-tsik8-tshau2,木賊草,44
Tsiap-kut-tang,接骨筒,44
Tsiap-kut-tshau2,接骨草,44
Niau-kong-tshi,貓公刺,45
Thih-kut-mng5,鐵骨毛,45
Lok8-jiong5-tshau3,鹿茸草,45
Kim-put-huan3,金不換,45
Tshit-tshun3-kim,七寸金,45
Kng2-peh,卷柏,46
Ling5-lan5-tshau2,龍麟草,46
Kng2-peh,卷柏,46
Ban7-lian5-siong5,萬年松,46
Soo-thih,蘇鐵,48
Ang5-sam,紅杉,48
Suann-sam,山杉,49
Pah-jit-tshinn,百日青,49
Tik-peh,竹柏,49
Pah-jit-tshinn,百日青,49
Thoo2-sam,土杉,49
Peh8-tshing5-peh,白松柏,50
Too7,杜,50
Iu5-sam,油杉,50
Peh8-tshing5-peh,白松柏,50
Siong5-lo5-too7,松蘿杜,50
Tshing5,松,50
Ang5-tshing5-peh,紅松柏,50
Tshing5-peh,松柏,50
Tshing5-peh,松柏,51
Pat-tiong7-san-tshing5-peh,八重山松柏,51
Tshing5-peh,松柏,51
Siong5-lo5,松蘿,51
Siong5-lo5,松蘿,51
Tshing5-peh,松柏,51
Tshing5-peh,松柏,51
Iu5-tshing5,油杉,52
Sam,杉,52
Tua7-tiam-u2-sam,大點雨杉,52
Sam,杉,52
Kong2-hioh8-sam,廣葉杉,52
Sam-a2,杉仔,52
Hok-tsiu-sam,福州杉,52
Hiunn-sam,香杉,52
Oo-sam,烏杉,52
Un-tsiu-sam,溫州杉,52
A-sam,亞杉,52
Siong5-lo5,松蘿,52
Poh8-phe5,薄皮,52
Siong5-lo5,松蘿,52
Siong5-ngoo5,松梧,52
Kau7-khak,厚殼,52
Siong5-lo5,松蘿,52
Siong5-ngoo5,松梧,52
Siau-lam5,肖楠,53
Ng5-bah-tshiu7,黃肉樹,53
Tshik-peh,側柏,53
Tsui2-tsik,水燭,54
Suann-na5-tau5,山林投,54
Na5-tau5,林投,54
Sue3-pun2-ka-tsuah8-sit8,細本蟉€翼,55
Ka-tsuah8-sit8,蟉€翼,55
Tsui2-oo7,水芋,56
Tsut8-bi2-tshau2,秫米草,58
Si-suann3-tshau2,絲線草,58
Tsinn3-tik-a2,矢竹仔,58
Tsinn3-tik,箭竹,58
Loo5-tik,蘆竹,59
Tsui2-loo5-tik,水蘆竹,59
Tng5-ki-a2-tik,長枝仔竹,60
Kak-a2-tik,桷仔竹,60
Tng5-ki-a2,長枝仔,60
He2-kng5-tik,火管竹,60
Kuan-im-tik,觀音竹,60
Hong7-be2-tik,鳳尾竹,60
Lik-tik,綠竹,60
Tsinn-tik,矢竹,60
Kuan-im-tik,觀音竹,60
Tshi3-tik,刺竹,60
Sue2-a2,黍仔,62
Tai5-a2,檯仔,62
Sue2-a2,黍仔,62
Kim-kau2-a2-mng5,金狗仔毛,62
Kau2-be2-tshau2,狗尾草,62
Ah-bu2-tsu,鴨母珠,63
Hiang-hm5,香茅,63
Mua5-tik,蔴竹,64
Phue7,稗,65
Suann-ang5-beh8,山紅麥,65
Ling5-jiau2-sik,龍爪稷、龍爪粟,65
Hi5-liu-tshau2,魚鰌草,65
Gu5-tun3-tshau2,牛頓草,65
Ban7-kun-tshau2,萬斤草,65
Huan-sue2,蕃黍,67
Sue2-a2,黍仔,67
Loo7-sue2,蘆黍,67
Tua7-beh8,大麥,67
Hm5-tshau2,茅草,68
Hm5-a2-tshau2,茅仔草,68
Hm5-a2,茅仔,68
Tshuan-san-liong5,穿山龍,68
Tam7-tik,淡竹,70
Suan-a2,萱仔,70
Suan-a2,萱仔,70
Kuann-bang5,菅芒,70
Tsut8-bi2-tshau2,𥟇米草,71
Tiu7-a2,稻仔,71
Poo-tiu7,埔稻,71
Ah-kha-sue2,鴨腳黍,72
Ng5-sik,黃粟,72
Sue2-a2,黍仔,72
Tua7-hong-tshau2,大風草,72
Hong-thai-tshau2,風颱草,72
Jin5-bian7-tik,人面竹,74
Tsioh8-tik-a2,石竹仔,74
Tsioh8-tik,石竹,74
Kio7-kng3-tik,轎槓竹,74
Kui3-tik-a2,桂竹仔,74
Kui3-tik,桂竹,74
Oo-tik-a2,烏竹仔,75
Ba5-li5-tik,茅茹竹,75
Beng7-tsong-tik,孟宗竹,75
Pit-a2-tshau2,筆仔草,75
Ang5-mng5-tshau2,紅毛草,75
Te7-loo7-gia5-kang,地路蜈蚣,76
Kam-tsia3,甘蔗,77
Lah8-tshi3,臘刺,77
Gu5-tun3-tshau2,牛頓草,78
Mng5-hue7-tshau2,磅蟹草,78
Beh8-a2,麥仔,80
Sio2-beh8,小麥,80
Huan-beh8,蕃麥,80
Kha-peh8-sun2,腳白筍,80
Ka-peh8-sun2,茭白筍,80
Thoo5-hiunn,土香,86
Tsui2-ting-sim-tshau2,水燈心草,87
Be2-tsi5,碼薯,87
Sat-pin3-tshau2,虱篦草,88
Peh8-hiong-hu3,白香附,89
Bo5-thau5-hiunn,無頭香,89
Bo5-thau5-thoo5-hiunn,無頭土香,89
Tshioh8-tshau2,蓆草,92
Pin-nng5,檳榔,92
Tshinn-a2,菁仔,92
Suann-tsang,山棕,92
Tsui2-tin5,水籐,93
Ng5-tin5,黃籐,93
Tin5,藤,93
Ia5-phio5,椰瓢,93
Poo5-kui5,蒲葵,94
Khong-long5,糠榔,94
Kong-long5,桄榔,94
Kuan-im-tik,觀音竹,94
Liu5-kiu5-tik,琉球竹,94
Kun-thau5-tik,筋頭竹,94
Tsang,棕,94
Tshong-po5,菖蒲,95
Tsioh8-tshiong-po5,石菖蒲,95
Tsioh8-tshiong-poo5,石菖蒲,95
Ko-po5-oo7,姑婆芋,95
Lui5-kong-tshing3,雷公銃,95
Thian-lam5-sing,天南星,95
Oo7-a2,芋仔,97
Phu5-tsui2-lian5-hue,浮水蓮花,97
Tua7-phio5,大萍,97
Thoo2-puan3-ha7,土半夏,98
Ing3-tshai3-hong5,甕菜黃,98
Puan3-ha7,半夏,98
Tshinn-puan3-ha7,生半夏、青半夏,98
Ang5-phio5,紅萍,98
Tshinn-phio5,青萍,98
Thai2-ko-phio5,癲€萍,98
Tsui2-pian3-te7-gim2,水遍地錦,98
Tsui2-pian3-te7-gim2,水遍地錦,98
Tsui2-phio5,水萍,98
Tin5-tik-a2,籐竹仔,99
Kok-tsing,穀精、谷精,99
Ong7-lai5,𦬬萊,100
Peh8-tik-a2-tshai3,白竹仔菜,101
Tik-a2-hioh8,竹仔葉,101
Tik-a2-tshai3,竹仔菜,101
Ang5-tik-a2-tshai3,紅竹仔菜,101
Tik-a2-tshai3,竹仔菜,101
Ang5-sam-tshit-tshau2,紅三七草,101
Tua7-tsui2-phio5,大水萍,102
Tinn-tshai3,甜菜,102
Ah-tsih8-tshau2,鴨舌草,102
Tshan5-oo7-a2,田芋仔,102
Ting-sim-tshau2,燈心草,102
Loo7-gio7,蕗蕎,103
Tshang-thau5,葱頭,103
Tshang-a2,葱仔,103
Tua7-thau5-tshang,大頭葱,103
Bik8-tshong,麥葱,104
Ku2-tshai3,韮菜,104
Suan3-a2,蒜仔,104
Suan3-a2,蒜仔,104
Loo5-he7,蘆薈,104
Thian-bun5-tong,天門冬,104
Suann-kuann-lan5,山菅蘭,105
Kim-tsiam-tshai3,金針菜,106
Kim-tsiam,金占、金針,106
Peh8-pi-sian2,白萆蘚,106
Thoo2-hok8,土茯,106
Suann-suan3-thau5,山蒜頭,107
Sai-kong-giang,師公銒,107
Bik8-bun5-tong,麥門冬,107
Tshit-hioh8-lian5,七葉蓮,108
Tshinn-bak8-hiunn,青木香,108
Tshit-hoo7-lian5,七厚蓮,108
Huan-a2-na5-tau5,蕃仔林投,108
Hoo2-be2-lan5,虎尾蘭,109
Hau7-khak-tshi3,鱟壳刺,109
Hau7-khak-tin5,鱟壳藤,109
Thoo2-hok8-ling5,土茯苓,110
Suann-be2-tsi5,山碼薯,110
Ang5-tik,紅竹,111
Kuan-im-tik,觀音竹,111
Suann-suan3-thau5,山蒜頭,111
Bun5-tsu-lan5,文珠蘭,112
Tsui2-sian-hue,水仙花,113
Geh8-lai5-hiong,月來香,113
Tshan5-tsu5,田薯,113
Tshan5-tsu5,田薯,113
Suann-iok8-tsu5,山藥薯,113
Tshan5-tshinn,田菁,113
Tsu5-nng5,薯榔,114
Peh-tsu5-nng5,白薯榔,114
Sia7-kan,射干,114
Ang5-be2-iah8-hue,紅尾蝶花,114
Be2-iah8-hue,尾蝶花,114
Peh8-be2-iah8-hue,白尾蝶花,115
Hun-tsio,粉蕉,115
Suann-king-tsio,山芎蕉,116
Bok8-kua-king-tsio,木瓜芎蕉,116
King-tsio,芎蕉,116
Pak-tsio,北蕉,116
Tshinn-kiunn,生姜,116
Kiunn-ng5,薑黃、姜黃,116
Kiunn-ng5,薑黃,117
Suann-nai,山奈,117
Lam5-kiunn,南薑、南姜,117
Geh8-tho5,月桃,118
Kiunn,薑,118
Tshinn-kiunn,生姜,118
Lian5-tsiau-hue,蓮蕉花,119
Lian5-tsiau-hue,蓮蕉花,119
Kim-sun2,金筍,119
Kim-suann3-lian5,金線蓮,120
Tshiu7-tshau2-lian5,樹草蓮,120
Tsiau2-a2-hue,鳥仔花,121
So3-sim,素心,125
So3-sim-kuann-lan5,素心菅蘭,125
It-tiam2-hong5,一點紅,126
Bok8-hak8,木斛,126
Bok8-hak8,木斛,127
Kim-tsioh8-hak8,金石斛,127
Tsiap-kut-tshau2,接骨草,127
Oo5-tiap8-lan5,蝴蝶蘭,136
Iah8-lan5,蝶蘭,136
Bok8-mua5-hong5,木麻黃,140
Tshau3-tsho-tshau2,臭臊草,140
Tshau3-kam2-tshau2,臭敢草,140
Kau2-liap8-bi2,狗粒米,140
Tshiu2-ioh8,手藥,140
Hi5-tsho-tshau2,魚臊草,140
Tsui2-lau2-tshau2,水荖草,140
Lo5-tin5,蔞藤,141
Lau2-tin5,荖藤,141
Lau2-tin5,荖藤,141
Hong-tin5,風藤,141
Tua7-hong-tin5,大風藤,141
Tsin-hong-tin5,真風藤,141
Huan-a2-lau2-hioh8,蕃仔荖葉,141
Ho-tsio,胡椒,141
Si3-hioh8-lian5,四葉蓮,142
Kue-kha-lan5,鷄脚蘭,142
Te5-lan5,茶蘭,142
Sui5-liu2,垂柳,142
Tsui2-liu2,水柳,142
Tsui2-liu2-a2,水柳仔,142
Tshiu7-m5,樹梅,143
Iuan7-m5,椵梅,143
Iong5-muai5,楊梅,143
Ng5-ki2,黃𣏌,143
Ng5-ku2,黃櫸,143
Jin5-ki2,仁𣏌,143
Tsui2-kho-a2,水柯仔,144
Tsui2-liu5-kho,水流柯,144
Tsui2-liu2-kho,水柳柯,144
Lat8-tsi2,栗子,144
Tshiah-kau2,赤校,145
Tshiah-liu5,赤鱗,145
Tua7-hioh8-kau2-lat8,大葉校栗,145
Kau2-lat8,校栗,145
Ang5-phe5-kua,紅皮柯,145
He2-sio-kua,火燒柯,145
Tshiah-kau2,赤校,145
Kau2-lat8,校栗,145
Iu5-hioh8-too7-a2,油葉杜仔,146
Tua7-hioh8-too7,大葉杜,146
Too7-a2,杜仔,146
Ang5-kau2-tsan,紅校櫕,146
Kau2-tsan,校櫕,146
Tshiah-ko,赤柯,146
Tua7-hioh8-too7-a2,大葉杜仔,146
Tua7-hioh8-kau2-lat8,大葉校栗,146
Too7-a2,杜仔,146
Kho-a2,柯仔,147
Ang5-bah-too7,紅肉杜,147
Kho-a2,柯仔,147
Peh8-kau2-tsan,白校櫕,147
Kho-si,柯絲,147
Tshiah-phe5-too7-a2,赤皮杜仔,148
Ang5-bah-too7,紅肉杜,148
Su-a2,€仔,148
Lim5-li5,淋漓,148
Tshiah-phe5,赤皮,148
Tsioh8-tsu,石櫧,148
Tshiah-kua,赤柯,148
Kau2-tsan,校櫕、九櫕,148
Kau2-tso5,九槽,148
Kau2-tsan,校櫕,149
Tiu5-a2,稠仔,149
Ang5-kau2-tsan,紅校櫕,149
Kau2-lat8,校栗,150
Mi5-lat8,棉栗,150
Peh8-kue-iu5,白鷄油,150
Tsioh8-phok,石博,150
Tsioh8-siap,石澁,150
Phoh-a2,粕仔,150
Phoh-a2-tshiu7,粕仔樹、朴仔樹,150
Suann-iunn5-mua5,山黃麻,150
Ang5-kue-iu5,紅鷄油,151
Kue-iu5,鷄油,151
Pho-lo5-bit8,波羅蜜,151
Lok8-a2-tshiu7,鹿仔樹,151
O3-gio5-tsi2,愛玉子,152
Gio5-tsi2,玉枳,152
Tsi2-a2,枳仔,152
Gu5-lin-pong5,牛乳房,152
Sann-khak,三麴,152
Tsiunn-linn-a2,漿乳仔,152
Lok8-png7,鹿飯,152
Bu5-hua-ko5,無花果,152
Tua7-phann3,大冇,152
Gu5-lin-tshiu7,牛乳樹,152
Ti-bu2-lin,猪母乳,152
Peh8-bah-tshing5,白肉榕,153
Bo7-tshau2,磨草,153
Khinn5-piah-tin5,扲壁藤,153
Hong-put-tong7,風不動,153
Gu5-lin,牛乳,153
Tai7-ting-hong5,大丁黃,154
Tua7-phann3-tshiu7,大冇樹,154
Tua7-hioh8-phann3,大葉冇,154
Ti-bu2-lin,猪母乳,154
Ti-bu2-lin-ku7,猪母乳舅,154
Se-tsi2-a2,樨枳仔,154
Tsi2-poo,枳枯,154
Tua7-hioh8-kau2-ting5-tshe,大葉九重吹,154
O3-gio5-tsi2,愛玉子,155
Hong-put-tong7,風不動,155
Oo-tshing5,烏榕,155
Tshing5-tshiu7,榕樹,155
Tshing5,榕,155
Tsiann3-tshing5,正榕,155
Kau2-ting5-tshe,九重吹,155
Siap-hioh8,澁葉,155
Sue3-hioh8-siap-hioh8,細葉澁葉,155
Siap-a2-tshiu7,澁仔樹,155
Peh8-sua,白沙,155
Suann-ti-ke5,山猪枷,155
Peh8-tshing5,白榕,156
Peh8-bah-tshing5,白肉榕,156
Tshiah-iong5,赤榕,156
Suann-tshing5,山榕,156
Tsiau2-tshing5,鳥榕,156
Tsiau2-sai2-tshing5,鳥屎榕,156
Suann-khoo2-kue,山苦瓜,156
Khoo2-kue-tshau2,苦瓜草,156
Niu5-a2-hioh8-tshiu7,蠶仔葉樹,156
Sng-tsai5-a2,桑材仔,156
Niu5-a2-tshiu7,蠶仔樹,156
Song-tshiu7,桑樹,156
Iam5-sng-a2,鹽桑仔,156
Ng5-kim-kui3,黃金桂,157
Tai7-ting-hong5,大丁黃,157
Tshi3-keh-a2,刺格仔,157
Suann-tsui2-liu2,山水柳,157
Tshoo-khng-kak,粗糠壳,157
He5-kong-tshiu,蝦公鬚,157
Thu2-mua5,苧麻,157
Tue7-a2,苧仔,157
Kim-siah8-liu5,金石榴,158
Tsiunn2-tshau2-sim-tshau2,蔣草心草,158
Ka7-lang5-kau2,咬人狗,159
Tsioh8-tsu5,石薯,160
Tsioh8-tsu-a2,石珠仔,160
Tsui2-kue-iu5,水鷄油,162
Tsioh8-tsu-a2,石珠仔,163
Tshi3-tshau2,刺草,163
Ka7-lang5-niau,咬人猫,163
Suann-tsui2-liu2,山水柳,163
Suann-ging5-ging2,山龍眼,163
Suann-kam-a2,山柑仔,164
Suann-iu7-a2,山柚仔,164
Siong5-san,常山,164
Tuann5-hiunn,檀香,164
Tshinn-bak8-hiunn,青木香,166
Ng5-tin5,黃藤,166
Bak8-hiunn,木香,166
Tin5-tsu5,藤薯,166
Se3-sin,細辛,167
Kio5-beh8,蕎麥,168
Tinn-beh8,甜麥,168
Gia5-kang-tshau2,蜈蚣草、鵞江草,168
Peh8-khoo2-thiau7,白苦柱,168
Ang5-kut-tshin3-png7-tin5,紅骨凊飯藤,168
Tshin3-png7-tin5,凊飯藤,168
Tshuan-tshit,川七,168
Lue5-piah-tshi3,犁壁刺,170
Khoo2-tiau-a2-tshau2,苦柱仔草,170
Sann-kak-iam5-sng,三角鹽酸,170
Tsui2-ang5-kut-tsua5,水紅骨蛇,170
Tsui2-lue5-piah-tshau2,水犁壁草,170
Ho5-siu2-oo,何首烏,171
Peh8-kue-sai2-tin5,白鷄屎藤,171
Tshuan-tshit,川七,171
Ang5-kut-tsua5,紅骨蛇,171
Tshuan-tshit,川七,171
Khak-tshai3,殼菜,171
Ka-buah8-tshai3,茭€菜、茄茉菜,172
Tshau3-tshuan-kiong,臭川芎,172
Tshau3-hing7,臭杏,172
Sau3-tshiu2-tshau2,掃箒草,172
Pe-ling5-tshai3,菠薐菜、飛稜菜、飛龍菜,172
Tshiah-kun-tshai3,赤根菜,172
Tuah-phinn7-tshau2,掇鼻草,173
Tshuah-phinn7-tshau2,擦鼻草,173
Giu5-tshik,牛膝,173
Kue-kut-hong5,鷄骨癀,173
Mng5-hue7-bak,磅蟹目,173
To3-ke3-tshau2,到繼草,173
Ang5-kut-tsua5,紅骨蛇,173
Giu5-tshik,牛膝,173
Tsat-tsat-hue,節節花,173
Tshan5-pinn-tshau2,田邊草,173
Ang5-tshan5-oo-tshau2,紅田烏草,173
Tsa2-lian5-tshau2,早蓮草,173
Ang5-hue-bit8-tshai3,紅花蜜菜,173
Ang5-tshan5-oo,紅田烏,173
Tshan5-oo-tshau2,田烏草,173
Ang5-kut-tshuah-phinn7-tshau2,紅骨擦鼻草,173
Suann-hing7-tshai3,山莕菜,174
Hing7-tshai3,莕菜、荇菜,174
Tshi3-hing7,刺莧,174
Tshi3-soo,刺蒐,174
Tshi-siunn,青箱,174
Kue-ke3-hue,鷄冠花,174
Peh8-kui3-kiok-hue,白桂菊花,174
Peh8-kue-ke3,白鷄冠,174
Kue-ke3-hue,鷄冠花,174
Kue-ke3,鷄冠,174
Oo-hi5-hue,烏魚花,174
Inn5-a2-hue,圓仔花,175
Ku-hue,龜花,175
Soo3-hiunn,素香,176
Ian-tsi-hue,胭脂花,176
Ki2-thok,齒托,176
Tsui2-tang-kue,水冬瓜,176
Tsui2-tang-kue,水冬瓜,176
Siong-liok8,商陸,176
Hoo2-ka7-hong5,虎咬癀,176
Thih-kau-tshau2,鐵鉤草,177
Tsu-tsu2-tshau2,朱子草,177
Ti-bu2-lin,猪母乳,177
Ti-bu2-tshau2,猪母草,177
Goo7-si5-tshau2,午時草,177
Tshui3-tshau2,嘴草,177
Sim-a2-hioh8,參仔葉,177
Tsim5-kong2-tshai3,蟳管菜,178
Tsim5-tshai3,蟳菜,178
Tsian2-jiong5-hue,剪絨花,179
Eng-beh8,罌麥,179
Ho-lin-tau7-tshau2,荷蘭豆草、河乳豆草,179
Tshinn-hong-tshau2,菁方草,179
Kue-tng5-tshau2,鷄腸草,180
Lian5,蓮,181
Lian5-hue,蓮花,181
tsui2-lian5-hue,水蓮花,181
Ui-ling5-sian,威靈仙,182
Ui5-hoo7-sian,為候仙,182
Tshng3-phinn7-ling5,串鼻龍,183
Ui-ling5-sian,威靈仙,183
Tua7-pun2-suann-khun5-tshai3,大本山芹菜,185
Pih-a2-tshau2,鼈仔草,185
Thong-tsho2,蓪草,185
Tsioh8-geh8,石月,186
Ng5-peh,黃柏,186
Pueh-kak-lian5,八角蓮,187
Thih-gu5-jip8-tsioh8,鐵牛入石,187
Tshinn-bak8-hiunn,青木香,187
Peh8-suann-han-tsu5,白山蕃薯,187
Hong5-ki2,防巳,187
Lue5-piah-tin5,犁壁藤,188
Lue5-piah-tshau2,犁壁草,188
To2-tue7-kiong2,倒地拱,188
Tua7-hue5-hun5,大回魂,188
Pueh-kak,八角,188
Uann2-ling5-tshiu7,碗龍樹,188
Pueh-kak,八角,188
Pueh-kak-a2,八角仔,188
Lam5-ngoo2-bi7-tsi2,南五味子,189
Ang5-kut-tsua5,紅骨蛇,189
Ia7-hap8,夜合,189
Giok8-lan5,玉蘭,189
Oo-sim-tsioh8,烏心石,189
Ham5-siau3,含笑,189
Giu5-sim-lai5,牛心梨,190
Phang-lai5,香梨,190
Sik-kia-ko2,釋迦果,190
Hut8-thau5-ko2,佛頭果,190
Ing-jiau2-tho5,鶯爪桃,190
Kue-jiau2-lan5,鷄爪蘭,190
Phang-hue,香花,190
Tshau3-sai2-lam5,臭屎楠,191
Sue3-hioh8-lam5,細葉楠,191
Ng5-bah-tshiu7,黃肉樹,191
Thih-sai2-lam5,鐵屎楠,191
Bok8-ni2-tsuiu7,木耳樹,191
Kue-bai5,鷄眉,191
Loh8-khak-tsan,落殼櫕,191
Kiu2-kiong-ku7,九芎舅,191
Huan-a2-uan,蕃仔灣,191
Bo5-kun-tshau2,無根草,191
Tsiunn,樟,192
Pun2-tsiunn,本樟,192
Tshau3-tsiunn,臭樟,192
Suann-tshau3-tsiunn,山臭樟,192
Suann-tsiau2-tsiunn,山鳥樟,192
Tsiau2-tsiunn,鳥樟,192
Suann-tsiau2-tsiunn,山鳥樟,192
Thoo2-jiok8-kui3,土肉桂,192
Tsiunn-gu5,樟牛,192
Gu5-tsiunn,牛樟,192
Phann3-tsiunn,冇樟,193
Jiok8-kui3,肉桂,193
Kui3-ki,桂枝,193
A-li2-sim,阿里參,193
Hiunn-kui3,香桂,193
Suann-jiok8-kui3,山肉桂,193
Hiunn-kui3,香桂,193
Thoo2-tsiunn,土樟,193
Kau-khak-kui3,厚殼桂,193
Phang-kui3,攀桂,193
Phann3-kui3,冇桂,193
Thoo2-lam5,土楠,193
Ng5-bah-tshiu7,黃肉樹,193
Tshau3-tsiunn,臭樟,193
Lai7-tang-tsi2,內冬子,194
Suann-ho-tsio,山胡椒,194
Tua7-hioh8-lam5,大葉楠,195
Lam5-a2,楠仔,195
Hiunn-lam5,香楠,195
Tshau3-sai2-lam5,臭屎楠,195
Sue3-hioh8-lam5,細葉楠,195
Ti-kha-lam5,猪脚楠,195
Lam5-a2,楠仔,195
Lam5-a2,楠仔,196
Lai5-tang-tsi2-lam5,內冬子楠,196
He2-thuann3-lam5-a2,火炭楠仔,196
Lai7-thuann3-tsi2-lam5,內炭子楠,196
Iu5-hioh8-lam5,油葉楠,196
Hiunn-kui3,香桂,196
Tik-hioh8-lam5,竹葉楠,197
Goo7-tsiunn2-lam5-a2,五掌楠仔,197
Goo7-hioh8-lam5-a2,五葉楠仔,197
Oo-hun-hue,烏煙花,198
Suann-kam-a2,山柑仔,198
O5-khak-a2,蠔殼仔,199
Suann-kam-a2,山柑仔,199
Gu5-kak-uai,牛角歪,199
Sann-kha-tiau7,三脚掉,199
Sann-kha-phi5,三脚皮,199
Sann-kha-piat8,三脚別,199
Sann-kha-pih,三脚鼈,199
Peh8-hue-a2-tshai3,白花仔菜,199
Hiong3-thian-hong5,向天黃,199
Inn5-tshai3-thau5,圓菜頭,200
Kua3-tshai3,芥菜,200
Tua7-tshai3,大菜,200
Ko-le5-tshai3,高麗菜,201
Tshai3-hue,菜花,201
Peh8-tshai3,白菜,201
Kng2-sim-peh8-tshai3,卷心白菜,201
Peh8-kut-suann-kuah-tshau3,白骨山葛草,202
Suann-kua3-tshai3,山芥菜,202
Tshai3-thau5,菜頭,202
Lai5-hok8,萊菔,202
To3-tiau3-lian5,倒€蓮,204
Tshinn-to-tshau2,生刀草,204
Tshinn-to-ioh8,生刀藥,204
Kha-bak-tshau2,脚目草,204
Kha-bu2-tshau2,脚母草,204
Tua7-huan-hun5,大翻魂、大番魂,204
To3-tiau3-lian5,倒€蓮,204
Peh8-poo-kiunn,白埔姜,207
Siong5-san,常山,207
Siong5-san,常山,207
Siong5-san-tshiu7,常山樹,207
Siong5-san-ni5,常山尼,207
Suann-kua3-tshai3,山芥菜,208
Hoo5-hi7-tshau2,虎耳草,209
Kim-hi7-tshau2,錦耳草,209
Tshit-li2-hiong,七里香,209
Png-a2,楓仔,210
Phng-siu7,楓樹,210
He7-be5,夏粥,211
Suann-gi5-pe5,山枇杷,211
Gi5-pe5,枇杷,211
Tsua5-po5,蛇婆,211
Ling5-thoo3-tsu,龍吐珠,211
Tsua5-pho,蛇波,211
Hai2-tong5,海棠,212
Suann-siann-tsa,山仙查,212
Siap-lai5,澁梨,212
He5-be2,蝦尾,213
Suann-gu5-lin,山牛乳,213
Suann-eng-tho5,山櫻桃,213
Mui5-a2,梅仔,214
Peh8-mui5,白梅,214
Tho5-a2,桃仔,214
Tho5-jin5,桃仁,214
Li2-a2,李仔,214
Suann-lai5,山梨,214
Tsiau2-lai5,鳥梨,215
Tsui2-lai5,水梨,215
Lai5-a2,梨仔,215
Tiu5-tshun-hue,綢春花,215
Tua7-kim-ing,大金英,216
Kim-ing,金英,216
Sio2-kim-ing,小金英,217
Hoo2-m5-tshi3,虎梅刺,218
Iam5-po5,鹽婆,220
Hoo2-m5-tshi3,虎梅刺,220
Hoo2-m5-tshi3,虎梅刺,221
Tshi3-mui5,蕀梅,221
Ha5-phi5-lam5,夏皮楠,222
Kue-bu2-tsu,鷄母珠,223
Kue-bu5-tsin-tsu,鷄母真珠,223
Kue-bu2-tsu2,鷄母子,223
Ang5-tsu-bok8,紅珠木,223
Siunn-si-a2,相思仔,223
Hiong-si-siu7,相思樹,223
Kim-hap8-huan,金合歡,223
Gu5-kak-hue,牛角花,223
Tshi3-kiu5-hue,刺毬花,223
Huan-tshi3-a2,蕃刺仔,223
Iunn5-kang-tshi3,羊牨刺,223
Sat-pin3-tshau2,虱篦草,223
Bian2-tian7-hap-huan,緬甸合歡,224
Huan-po5-tshiu7,蕃婆樹,224
Peh8-ki5-tshun,白其春,224
Suann-thoo5-tau7,山土豆,224
Sin5-sit8-tshau2,蠅翼草,224
Sue3-pun2-iu5-thiong5-sit8,細本油蟲翼,224
Thoo5-tau7-ku7,土豆舅,224
Thoo5-tau7,土豆,224
Kau-tin5,鉤藤,225
Kiok-hue-bok8,菊花木,225
Tah-bah-tshi3,搭肉刺,225
Ing-hioh8-tshi3,鷹葉刺,225
Tah-bah-tshi3,搭肉刺,225
Ng5-oo5-iap8,黃蝴蝶,225
Tsang-bok8,稯木,225
Soo-bok8,蘇木,225
Hue-le5-tshiu7-tau7,花螺樹豆,226
Tshiu7-tau7,樹豆,226
Tshai3-to-tau7,菜刀豆,226
Kuan-to-tau7,關刀豆,226
To-pan2-jin5-tau7,刀板仁豆,226
Pui5-ti-a2-tau7,肥猪仔豆,226
Tua7-ho7-suann-thoo5-tau7,大號山土豆,227
Iunn5-kak-tau7,羊角豆,227
Sio2-iunn5-kak-tau7,小羊角豆,227
Iunn5-tau7,羊豆,227
Peh8-be2-sai2,白馬屎,228
Gong7-gong7-tshau2,戇戇草,228
Mua2-tiann2-koo5-tshau2,滿鼎糊草,229
Tua7-pun2-suann-thoo5-tau7,大本山土豆,229
Bo7-a2-tshau2,磨仔草,230
Tai7-hi5-lan5,𩻸魚鱗,230
Be2-te5-kim,馬蹄金,230
Sin5-sit8-tshau2,蠅翼草,231
Tsu-a2-tshau2,珠仔草,231
Pian2-thiok,萹蓄,231
Hoo5-sin5-sit8,蝴蠅翼,231
Sann-hi7-tshau2,三耳草,231
Sann-hinn7-a2-tshau2,三硯仔草,231
Su3-kui3-tshun,四季春,231
Ling5-tsih8-hong5,龍舌黃,231
Peh8-koo-soo-hue,白古蘇花,231
Ngoo5-bi5-tau7,蛾眉豆,231
Tsiau2-a2-tau7,鳥仔豆,231
Peh8-bah-tau7,白肉豆,231
Bah-tau7,肉豆,231
Ah-kian7-tin5,鴨腱藤,232
Tshi3-tong5,刺桐,232
Tshau3-khang-a2,臭空仔,232
It-tiau5-kun,乙條根、一條根,232
Tshian-kun-puih,千斤拔,232
Kue-kak-kong,鷄鵤公,233
Tshinn-phe5-tau7,青皮豆,233
Peh8-tau7,白豆,233
Oo-tau7,烏豆,233
Huan-tshinn,蕃菁,234
Tua7-tshinn,大菁,234
Pun2-tshinn,本菁,234
Tshinn-a2,菁仔,234
Sio2-tshinn,小菁,234
Tshian-li2-kong,千里光,235
Hoo5-sin5-sit8,蝴蠅翼,235
Suann-thoo5-tau7,山土豆,236
Hoo5-sin5-sit8,蝴蠅翼,236
Kuah-tin5,葛藤,236
Kue3-suann-ling5,過山龍,236
Loo7-tin5,蕗藤,237
Hi5-tin5,魚藤,237
Hoo2-jiau2-tau7,虎爪豆,237
Hu-kui3-tau7,富貴豆,237
Huih-tin5,血藤,237
Huih-tin5,血藤,237
Tshinn-kau5-kong-tshiu7,青猴公樹,238
Tau7-tsu5,豆薯、荳薯,238
Kuah-tsu5,葛薯,238
Han-tsu5,蕃薯,238
Hong5-te3-tau7,皇帝豆,238
Bi2-tau7,米豆,238
Lik8-tau7,綠豆,239
Tshai3-tau7,菜豆,239
Huan-a2-tau7,蕃仔豆,239
Ho-lin-tau7,荷蘭豆,239
Kim-ku-tshiu7,金龜樹,239
Oo-kue-kut,烏鷄骨,239
Am7-se5-tau7,頷垂豆,239
Kue-bai5,雞眉,239
Huan-a2-uan,蕃仔灣,239
Kau2-ting5-tshe,九重吹,240
Tau7-tshai3,豆菜,240
Tsu2-tuann5,紫檀,240
Kuah-tin5-tshau2,葛藤草,240
Kan-kuah,乾葛,240
Suann-bah-tau7,山肉豆,240
Tshan5-tshinn,田菁,241
Suann-tshinn,山菁,241
Be2-khi2-tau7,馬齒豆,242
Tsham5-tau7,蠶豆,242
Bi2-tau7,米豆,243
Tshai3-tau7,菜豆,243
Iunn5-tho5,楊桃、羊桃,244
Iunn5-mui5-tho5,楊梅桃,244
Lak8-tak8,磟碡、碌碡,244
Sio2-le2-hue,小禮花,244
Iam5-sng-a2-tshau2,鹽酸仔草,245
Iam5-sng-tshau2,鹽酸草,245
Suann-iam5-sng,山鹽酸,245
Hoo5-sin5-sit8,蝴蠅翼,245
Peh8-tsit8-le5,白蒺藜,246
Tsit8-le5,蒺藜,246
Sann-kha-hoo2,三脚虎,246
Sann-kha-be2-a2,三脚馬仔,246
Sann-kha-ting,三脚丁,246
Oo-kam-a2,烏柑仔,246
Suann-kam-a2,山柑仔,246
Ng5-kun,黃根,246
Siong5-san,常山,246
Tua7-the3-hong5,大退癀,246
Hiunn-kam,香柑,246
Guan5-siau-kam,元宵柑,246
Lian5-siau-kam,年宵柑,246
Hoo2-thau5-kam,虎頭柑,247
Tau2-iu7,斗柚,247
Iu7-a2,柚仔,247
Tua7-tau2-iu7,大斗柚,247
Ban7-iu7,晚柚,247
Bun5-tan3,文旦,247
Mua5-tau7-bun5-tan3,麻豆文旦,247
Peh8-bah-iu7,白肉柚,247
Mua5-tau7-peh8-iu7,麻豆白柚,247
Bit-iu7,蜜柚,247
Suann-tang-iu7,山東柚,248
Tsioh8-thau5-iu7,石頭柚,248
Tsa2-iu7,早柚,248
Peh8-hioh8-iu7,白葉柚,248
Oo-hioh8-iu7,烏葉柚,248
Kuainn5-tshiunn5-iu7,高墻柚,248
Tiong-iu7,中柚,248
Hiong-ian5,香櫞,248
Hiunn-inn5,香員、香圓,248
Hiunn-inn5,香圓,248
Hiunn-iu7,香柚,248
Hut8-siu2,佛手,248
Hut8-siu2-hiunn-kam,佛手香柑,248
Tsai3-sing-kiat,再生橘,248
Su3-kui3-kiat,四季橘,248
Huan-kam,蕃柑,248
Kong-sun-kiat,公孫橘,248
Sng-kiat,酸橘,249
Phong3-kiat,掽橘、凸橘,249
Tinn-kiat,甜橘,249
Phong3-kam,掽柑、凸柑,249
Seh-kam,雪柑,249
Tsui2-kam,水柑,249
Ang5-kam,紅柑,249
Thang2-kam,桶柑,249
Ni5-kam,年柑,249
Kuainn5-tshiunn5-thang2-kam,高墻桶柑,249
Hai2-lai5-kam,海梨柑,249
Ng5-phi5,黃皮,250
Ng5-kam,黃柑,250
Ke3-suann-hiunn,過山香,250
Huan-a2-phang-tshau2,蕃仔香草,250
Tshat8-a2-tshiu7,賊仔樹,250
Suann-tshat,山漆,250
Sue3-hioh8-suann-kuah-tshai3,細葉山葛菜,250
Suann-kuah-tshai3,山葛菜,250
Peh8-be2-sai2,白馬屎,250
Sann-kha-pih,三脚鼈,250
Sann-pih-pi2,三鼈比,250
Tshi3-tshang,刺葱,250
Tua7-hioh8-tshi3-tshang,大葉刺葱,250
Ang5-tsh3-tshang,紅刺葱,250
Jin5-tshi3-tshang,仁刺葱,250
Tshi3-kang-boo2,刺江某、刺江栂,250
Tsiau2-tah8-tshi3,鳥踏刺,251
Peh8-be2-sai2,白馬屎,251
Koo2-guat8-kun,古月根,251
Sang-bin7-tshi3,雙面刺,251
Hau-khak-tshi3,鱟壳刺,251
Ng5-kun,黃根,251
Kim-kam,金柑,251
Kim-kam,金柑,251
Tsioh8-ling5-ku7,石柃舅,251
Tshit-li2-hiong,七星香,252
Tsioh8-ling5,石柃,252
Sip-li2-hiong,十里香,252
Tshau3-phu5-iong5,臭芙蓉,252
Sue3-hioh8-ng5-bah-tshi3,細葉黃肉刺,252
Kann-na2,橄欖,254
Kiunn-a2-lan7-hut8,€仔€核,254
Tshiu7-lan5,樹蘭,254
Tshiu-lan5,秋蘭,254
Ang5-tsha5,紅柴,254
Tua7-ang5-thun-tshiu7,大紅椿樹,254
Khoo2-ling7,苦楝,255
Tah-bah-tshi3,搭肉刺,255
Uan2-tsi3,遠志,256
Tshit-tshun3-kim,七寸金,256
Jue7-a2-tshau2,蚋仔草,256
Thih-tio3-kuann,鐵釣竿,256
Kim-siah8-liu5,金石榴,256
Te5-si-hong5,茶絲黃,256
Tshan5-go7-a2-tshau2,田臥仔草,256
Tong5-tsi-tshiu7,桐子樹,257
Iu5-tong5,油桐,257
Tong5-tsi2-tshiu7,桐子樹,257
Iu5-tong5,油桐,257
Kng2-tang-iu5-tong5,廣東油桐,257
Koo-li2-tin,枯里珍,258
Koo-li2-tin,枯里珍,258
Ka-tang,茄苳,258
Ang5-sim-a2,紅心仔,258
Ang5-tsu,紅珠,258
Tshit-jit8-ng7,七日暈,258
Ang5-tsu-a2,紅珠仔,258
Ang5-tsu-a2-thau5,紅珠仔頭,258
Ang5-i3-a2,紅薏仔,258
Peh8-a2,白仔,258
Too7-bit8-tshiu7,杜蜜樹,258
Tshi3-too7-bit8,刺杜蜜,259
Tshi3-lam5,刺楠,259
Khi7-koo5,柿糊,259
Peh8-hioh8-e7,白葉下,259
Hioh8-e7-peh8,葉下白,259
Pa-tau,巴豆,259
Kong2-a2,廣仔,259
Bing2-tshiu7,猛樹,259
Kong3-a2,貢仔,259
Hoo2-phe5-lam5,虎皮楠,259
Thih-sik-tshiu7,鐵色樹,260
Tai7-kah-tshau2,大甲草,260
Pat-kua3-tshau2,八卦草,260
Lin-a2-tshau2,乳仔草,260
Tua7-pun2-lin-a2-tshau2,大本乳仔草,260
Ang5-kut-tua7-pun2-lin-a2-tshau2,紅骨大本乳仔草,260
He2-hang7,火€,261
Kim-siah8-liu5,金石榴,261
Huan-a2-tshi3,蕃仔刺,261
Gi5-hoo-tuan,宜呼端,261
Lik-san-oo5,綠珊瑚,261
Thih-tshiu7,鐵樹,261
Sue3-pun2-lin-a2-tshau2,細本乳仔草,262
Ang5-be2-a2-tshau2,紅尾仔草,262
Pian2-thiok-tshau2,萹蓄草,262
Lin-tshau2,乳草,262
Huan-hun5-tshau2,翻魂草,262
Ang5-lin-tshau2,紅乳草,262
Lin-a2-tshau2,乳仔草,262
Oo-a2-bak8-tshau2,烏仔目草,262
Ke3-loo7-gia5-kang,過路蜈蚣,262
Pian2-tsiong,蝙章,262
Ang5-kut-sue3-pun2-lin-a2-tshau2,紅骨細本乳仔草,262
Thoo2-tim5-hiunn,土沈香,262
Tsui2-tshat8-a2,水賊仔,262
Peh8-tshiu7-a2,白樹仔,262
Bin7-thau5-ke2,面頭菓,262
Tshiah-huih-a2,赤血仔,262
Bin7-thau5-ke2,面頭菓,263
Sue3-hioh8-tshiah-huih-a2,細葉赤血仔,263
Tua7-hioh8-bin7-thau5-ke2,大葉面頭菓,263
Tua7-ang5-sim,大紅心,263
Sue3-hioh8-bin7-thau5-ke2,細葉面頭菓,263
Bin5-thau5-ke2,面頭菓,263
Bun5-thau5-ke2,文頭菓,263
Tsui2-liu2-a2,水柳仔,264
Iu5-tong5-tshiu7,油桐樹,264
Tsui2-tshat,水漆,264
Pa-tau7,巴豆,264
Huih-tong5,血桐,264
Tua7-phann3-tshiu7,大冇樹,264
Bin7-thau5-ke2,面頭菓,264
Ting-tong5,橙桐,264
Ting-lan5,橙欄,264
Peh-bah-peh8-pu5-a2,白肉白匏仔,264
Peh8-pu5-a2,白匏仔,264
Peh8-hioh8-a2,白葉仔,264
Peh8-pu5,白匏,264
Khi7-koo5-bok8,柿糊木,265
Lak8-liam3-a2,六棯仔,265
La7-li2-a2,嘮哩仔,265
Lak8-kiam2-a2,六檢仔,265
Kau-tin5,鈎藤,265
Pun3-ki-tin5,糞箕藤,265
Tshiu7-tsu5,樹薯,265
Peh8-tshiu7-a2,白樹仔,265
Thang5-sai2,蟲屎,265
Iu5-kam,油柑,265
Ah-thoo5-tsu,鴨土珠、椏土珠,266
Sio2-huan-hun5,小翻魂,266
Hioh8-e7-tsu,葉下珠,266
Sue3-pun2-lin-a2-tshau2,細本乳仔草,266
Peh8-kut-tsu-a2-tshau2,白骨珠仔草,266
Tsu-a2-tshau2,珠仔草,266
Hioh8-e7-tsu,葉下珠,266
Ang5-kut-kia7-tsan3-tsu-a2-tshah8,紅骨崎層珠仔草,266
Oo-kam-a2,烏柑仔,266
Pi-mua5,蓖麻,266
Ang5-too-pi,紅€蓖,266
Pi-mua5-a2,蓖麻仔,266
Ang5-pi-mua5,紅蓖麻,266
Suann-khing7,山柏,266
Phann3-khing7,冇柏,266
Peh8-khing,白柏,266
Khing7-a2,柏仔,266
Khing7-a2,柏仔,267
Khing7-a2-tshiu7,柏仔樹,267
Tshi7-tshang,市葱,267
Tshi3-tshang,刺葱,267
Tsioh8-liu2,石柳,267
Tsioh8-liu2,石柳,267
Lue7-te7-tsioh8-liu2,內地石柳,267
Suann-suainn7-a2,山檨仔,268
Suainn7-a2,檨仔,268
Nuann7-sim-bok8,爛心木,268
Nua7-sim,爛心,268
Suann-iam5-tshinn,山鹽菁,268
Poo-iam5-a2,埔鹽仔,268
Suann-poo-iam5,山埔鹽,268
Iam5-tang-hue,鹽東花,268
Poo-iam5,埔鹽,268
Suann-tshat8-a2,山賊仔,269
Tshat,漆,269
Suann-tshat,山漆,269
Tshat-tshit-tshiu7,漆七樹,269
Ting-phing-a2,燈秤仔,269
Ban7-tiam2-kim,萬點金,269
Ting-tshing-hue,燈稱花,269
Oo-kue-kut,烏鷄骨,269
Ting-phing5-hue,燈秤花,269
Koo5-thu,糊樗,270
Khoo2-thu,苦株,270
Koo5-thu,糊樗,271
Peh8-gun5,白銀,271
Be2-khau2-tshiu7,馬口樹,271
Tai-ting-hong5,大丁黃、大疔黃,273
Tsiau2-kian7-hue,鳥腱花,274
Suann-hiunn-inn5,山香圓,275
Kue-jiu5,鷄柔,276
Tshinn-png,青楓,276
Tsi2-kiong,止宮,277
To2-tue7-ling5,倒地柃,277
Peh8-hue-a2-tshau2,白花仔草,277
Tshia-sng-a2,車桑仔、車閂仔,277
Ging5-ging2,龍眼,277
Khoo2-ling7-kang,苦楝江,277
Khoo2-ling7-ku7,苦楝舅,277
Puat8-a2-kue-iu5,拔仔雞油,277
Nai7-tsi,荔枝,277
Huan5-a2-ging5-ging2,蕃仔龍眼,277
Luan5-tshiu7,欒樹,278
Ng5-bak8-tsi2,黃目子,278
Bak8-lo5,木羅,278
Bak8-long5-tshiu7,木浪樹,278
Suann-ti-bah,山猪肉,278
Suann-ti-kuann,山猪肝,278
Pit-lo5-tsi2,筆羅子,278
Ka-tsuah8-sit8,蟉€翼,278
Lik8-tsiunn,綠樟,278
Tsng2-kah-hue,指甲花,279
Oo-tshi3-a2,烏刺仔,279
Oo-bak8-a2,黑目仔,280
Thang2-kau-tin5,桶鈎藤,280
Gu5-tsang-tshi3,牛鬃刺,280
Tshi3-mng,刺€,280
Tso2-a2,棗仔,280
Ang5-tso2,紅棗,281
Tua7-tso2,大棗,281
Tua7-phu5-to5,大葡萄,281
Tua7-pun2-suann-phu5-to5,大本山葡萄,281
Suann-phu5-to5,山葡萄,281
Pun3-kam-tin5,糞€藤,281
Ling2-png7-tin5,冷飯藤,281
Hi7-khang-a2-tin5,耳空仔藤,281
Ngoo2-jiau2-ling5,五爪龍,281
Ngoo2-jiau2-jiong5,五爪絨,281
Huan-po5-uan,蕃婆灣,281
Huan-po5-uan5,蕃婆怨,281
Ang5-kut-tsua5,紅骨蛇,282
Sann-kha-pih-tshau2,三角鼈草,282
Sann-kha-pih,三角鼈,282
Sue3-pun2-suann-phu5-to5,細本山葡萄,282
Phu5-to5,葡萄,283
Kau5-huann-hi2,猴歡喜,283
Too7-ing,杜英、杜鶯,283
Tsu5-tau7,薯豆,283
Tsu5-tau2,薯斗,283
Ng5-mua5,黃麻,284
Suann-mua5,山麻,284
Tau2-lok8,斗鹿,284
Lak8-tak8-tshau2,€碡草、磱碡草,285
Sann-kha-pih,三角鼈,285
Ioh8-hoo2,藥虎,285
Sann-kha-pua3,三角破,285
Bi2-na5-tshau2,米籃草,285
Su3-bi5-tshau2,絮薇草,285
Bo7-a2-tun2,帽仔盾,285
To3-tiau3-hong,倒€風,285
Su3-bi2-tshau2,四米草,285
Ging2-a2-tun2-tshau2,研仔盾草,285
Phoh-a2-tshau2,朴仔草,285
Bo7-a2-tun3-tshau2,帽仔盾草,285
Bo7-a2-tun2-tshau2,磨仔盾草,285
Suann-phu5-iong5,山芙蓉,286
Kau2-thau5-phu5-iong5,狗頭芙蓉,286
Phu5-iong5,芙蓉,286
Hu5-song-hue,扶桑花,286
Tua7-ang5-hue,大紅花,286
Tsiu2-gim2-hue,水錦花,286
Peh8-tsui2-gim2-hue,白水錦花,286
Phoh-a2,朴仔,286
Ke2-hioh8,菓葉、粿葉,286
Iam5-tsui2-bin7-thau5-ke2,鹽水面頭菓,286
Ng5-tsui2,黃槿,286
Tua7-ho7-suh-huih-a2-tshau2,大號嗽血仔草,287
Kui2-liu2-kun,鬼柳根,287
Su3-bi2-tshau2,賜米草,287
Khia7-a2-suh-huih-a2,竪仔嗽血仔,287
Inn5-hioh8-suh-huih-tshau2,圓葉嗽血草,287
Sua3-ho7-suh-huih--a2-tshau2,小號嗽血仔草,287
Sat-bu2-tsi2-tshau2,虱母子草,288
Sat-bu2-tsi2,虱母子,288
Pan-tsi-tshiu7,班芝樹,288
Ko2-bok8,€木,288
Ka-poh8-mi5,加薄棉,288
Tshinn-tong5,青桐,288
Ngoo5-tong5,梧桐,288
Khoo2-mua5,苦麻,288
Tua7-peh8-hioh8-a2,大白葉仔,288
Bin7-thau5-ke2,面頭菓,289
Tshe-thau5-hing5,栖頭恒,289
Ting-a2-tshau2,燈仔草,289
Tshing3-tshng5-lam5,銃床楠,289
Pin5-po5,蘋婆,289
Tsui2-tang-kue,水冬瓜,290
Tsui2-kong2-sim,水管心,290
Tua7-phann3-tshiu7,大有樹,290
To3-tiau3-hong,倒€風,290
Gu5-sai2-te5,牛屎茶,291
Ang5-tam7,紅淡,291
Te5-mui5,茶梅,292
khoo2-te5,苦茶,292
Iu5-te5-tshiu7,油茶樹,292
OO-phe5-te5,烏皮茶,292
Gu5-sai2-te5,牛屎茶,292
Iu5-te5,油茶,292
Te5,茶,293
Suann-te5,山茶,293
Suann-te5-a2,山茶仔,293
Iu5-te5,油茶,293
Iu5-hioh8-te5,油葉茶,293
Iu5-bok8,油木,293
Tua7-thau5-te5,大頭茶,293
Kuann-a2-phe5,杆仔皮,294
Ho3-siu7,荷樹,294
Ho3,荷,294
Ko-pue,高杯,294
Ko2-a2,€仔,294
Ang5-tsha5,紅柴,294
Ang5-tam7-pi2,紅淡比,294
Ang5-kau7-khak,紅厚殼,294
Thih-tio3-kuann,鐵釣竿,295
Ng5-hue-a2-tshau2,黃花仔草,295
It-ki-hiunn,一枝香,295
Tshut-sing-lau2,出生老,295
Tua7-huan-hun5,大翻魂,295
Sam3-liu2,€柳,296
Te5-si5-hong5,茶匙黃,297
Ing3-tshai3-hong5,甕菜黃,298
Kue-tsih-hong5,鷄舌黃,298
Keh-tsiau2-hue,鵲鳥花,298
U7-tshi3-tshiah-lan5,有刺赤蘭,299
Loo2-hua3-tshiu7,魯化樹,299
Si5-pio2-a2-hue,時錶仔花,300
Bok8-kua,木瓜,300
Huan-a2-bok8-kua,番仔木瓜,300
Ban7-siu7-ko2,萬壽果,300
Mooh-piah-lian5,€壁蓮,302
Sian-pa-tsiunn2,仙巴掌,303
Poo-lun5-a2,埔崙仔,303
Suann-poo-lun5-a2,山埔崙仔,303
Poo-lun5,埔崙,303
Khi7-koo5,柿糊,304
Kiu2-kiong,九芎,304
Tsng2-kah-hue,指甲花,305
Tsha5-tsng2-kah,柴指甲,305
Hai2-tsua2-tsinn5-loo2,海紙錢魯,305
tsui2-ti-bu2-lin,水豬母乳,305
Ang5-siah8-liu5,紅石榴,305
Sia7-liu5,謝榴、榭榴,305
Siah8-liu5,石榴,305
Peh8-siah8-liu5,白石榴,305
Ki5-puann5-kha-tshiu7,碁盤脚樹,306
Tsui2-kong3-a2,水貢仔,306
Tsui2-ka-tang,水茄苳,306
Sue3-hioh8-ki5-puann5-kha-tshiu7,細葉碁盤脚樹,306
Goo7-kha-li2,五脚里,306
Tsui2-pit,水筆,306
Tsui2-pit-a2,水筆仔,306
Ang5-ka-tang,紅茄苳,307
Su3-kun-tsu2,使君子,307
Suann-iunn5-sai2,山羊屎,307
Lam2-jin5,欖仁,307
Ka-jip8-ku7,加入舅,308
Tshiah-lan5,赤蘭,308
Huan-a2-sau3-tshiu2,蕃仔掃箒,308
Hiong-ko2,香果,309
Hong-koo2,風鼓,309
Lian2-bu7,蓮霧、輦霧,309
Puat8-a2,拔仔,309
Na2-puat8,那拔、藍拔、€€,309
Pat-a2,扒仔,309
Tsui2-to-ni5,水刀連,310
To-ni5-a2,哆哖仔,310
Tua7-hioh8-kim-siah8-liu5,大葉金石榴,310
Kim-sia7-liu5,金榭榴,310
Te7-ting,地丁,310
Kau2-le5-a2-hue,九螺仔花,310
Poo-pit-a2,埔筆仔,310
Put-liu5-hing5,不留行,310
Ong5-put-liu5-hing5,王不留行,310
Ong5-put-liu5,王不留,310
Kim-siah8-liu5,金石榴,310
Kim-sia7-liu5,金榭榴,310
Tsui2-ting-hiunn,水丁香,312
Ke3-kang-ling5,過江龍,312
Ke3-kau-ling5,過溝龍,312
Tsui2-kang-ling5,水江龍,312
Tsui2-ting-hiunn,水丁香,312
Ling5-kak,龍角、菱角,312
Tshau2-se,草紗,313
Kang-boo2,江某、江€,313
Ap-bu2-tshiu7,鴨母樹,313
Ap-mu-phang,鴨母€,313
Ap-ma5-kuat8,鴨麻瓜,313
Tshi3-tshang-tshiu7,刺葱樹,314
Tshi3-tshang,刺葱,314
Sue3-hoo7-tshi3-tshang,細號刺葱,314
Kau2-kha-tue5,狗腳蹄,314
Thong-tshau2,蓪草、通草,315
Hue-tsho2,花草,315
Tua7-pun2-suann-khun5-tshai3,大本山芹菜,315
Tok8-huat8,獨活,315
Khun5-tshai3,芹菜,315
Tsha5-oo5,柴胡,316
Ham-khah-tshau2,含殼草、蚶壳草,316
Jua7-a2-tshau2,蚋仔草,316
Ham-khah-a2-tshau2,蚶壳仔草,316
Ian5-sui,莞荽、莞蓑,316
Ang5-tshai3-thau5,紅菜頭,316
Hue5-hiunn,茴香,317
Kim-tshinn5-poh8-ho,金錢薄荷,317
Khit-tshiah8-uann2,乞食碗,317
Ang5-kut-ham-khak-tshau2,紅骨含殼草,317
Ham-khah-tsinn5-tshau2,含殼錢草,317
Pian3-te7-hut,變地忽,317
Pian3-te7-gim2,變地錦、遍地錦,317
Sue3-pun2-suann-khun5-tshai3,細本山芹菜,317
Tsui2-khun5-tshai3,水芹菜,317
Hong5-hong,防風,318
Mua2-suann-ang5,滿山紅,321
Mua2-suann-ang5,滿山紅,322
Hoo7-suann3-a2,雨傘仔,324
Thih-hoo7-suann3,鐵雨傘,324
Ue2-kha-niu5-suann3-tshiu7,矮腳凉傘樹,324
Hoo7-suann3-a2,雨傘子,324
Tshiu7-ki2,樹€,325
Lak8-kak-tshau2,六角草,325
Suann-kui3-hue,山桂花,325
Tsit-hi5-tann2,鯽魚膽,325
Tik-ki2,竹€,326
Thih-a2,鐵仔,326
Phang-tshau2,香草,327
Hiunn-tshau2,香草,327
Tshit-li2-hiong,七里香,327
OO-bin7-be2,烏面馬,328
Hang-a2-tshau2,€仔草,328
Tshiah-tsiok,赤€,328
Kuann-a2,杆仔,328
Phah-ko2-kong-tshiu7,€古公樹,328
Tsioh8-tshing5,石松,329
tshiu7-tshinn,樹青,329
Mo5-khi7,毛柿,329
Mo5-khi7-keh,毛柿格,329
OO-tshai5-a2,烏材仔,329
OO-tshai5-khi7,烏材柿,329
Khi7-a2,柿仔,329
Ang5-khi7,紅柿,329
Ng5-sim-a2,黃心仔,329
Suann-khi7,山柿,329
OO-phe5-tsioh8-ling5,烏皮石柃,330
Suann-iunn5-hi7,山羊耳,331
Sue3-hioh8-peh8-mng5,細葉白門,331
Tua7-hioh8-peh8-mng5,大葉白門,332
Peh8-mng5,白們,332
Phann3-tainn2,€€,333
Phnna3-thai,€€,333
Tann2-tsio,打招,333
OO-phe5-kiu2-kiong,烏皮九芎,333
Peh8-tshiu7,白樹,333
OO-kue-bu2,烏雞母,333
Hioh8-e7-peh8,葉下白,333
Tshiah-huih-a2,赤血仔,334
Ang5-phe5,紅皮,334
Hioh8-e7-peh8,葉下白,334
Thih-tshiu7,鐵樹,334
Peh8-kue-iu5,白鷄油,334
Suann-khoo2-ling7,山苦楝,334
Kua-thoo5,柯土,334
Peh8-kue-iu5,白鷄油,334
Peh8-kue-iu5-ku7,白鷄油舅,334
Siu3-ing,秀英,334
Bak8-ni7-hue,茉莉花,335
Bak-ni7,茉莉,335
Suann-soo3-ing,山素英,335
Suann-su3-ing,山四英,335
Kui3-hue,桂花,335
Tshi3-keh,刺格,336
Suann-kui3-hue,山桂花,336
Iong5-phoo,揚波,336
Hai2-iong5-phoo,海洋波,336
Peh8-poo-kiunn,白埔姜,336
Suann-suainn7-a2,山檨仔,339
Hai2-suainn7-a2,海檨仔,339
Kau5-huann-hi2,猴歡喜,339
Sng-tin3,酸藤,339
Lin-tin5,乳藤,339
Su3-si5-tshun,四時春,339
Jit8-jit8-tshun,日日春,339
Kip-tik-tho5,夾竹桃,340
Tho5-tik,桃竹,340
Huan-hue,蕃花,340
Huan-a2-hue,蕃仔花,340
Suann-be2-te5,山馬蹄,340
Suann-ho-tsio,山胡椒,340
Be2-te5-hue,馬茶花、馬蹄花,340
Suann-be2-te5,山馬茶,340
Hong-put-tong7,風不動,341
Bu2-hia-tin5,武靴藤,341
Kiu5-lan5,毬蘭,342
Bo5-kun-tshau2,無根草,343
Tau7-hoo2,豆虎,343
Be2-te5-kim,馬蹄金,343
Han-tsu5,蕃薯,344
Huan-a2-tin5,蕃仔藤,344
Uann2-kong-hue,碗公花,344
Huan-a2-tin5,蕃仔藤,345
Han-tsu5-ku7,蕃薯舅,345
Uann2-kong-hue,碗公花,345
Be2-uann-tin5,馬鞍藤,345
Ing3-tshai3,甕菜、應菜,345
Phua3-poo3-bok8,破布木,347
Suann-poo3-tsi2,山布子,347
Phua3-poo3-tsi2,破布子,347
Tshiu7-tsi2-a2,樹子仔,347
Phua3-poo3-pp,破布烏,348
Poo3-poo3-oo-tshiu7,布布烏樹,348
Poo3-poo3-oo,布布烏,348
Suann-pin-nng5,山檳榔,348
Kau7-khak-a2,厚殼仔,348
Gu5-kut-a2,牛骨仔,348
Khau2-kha-a2,口脚仔,348
Kim-hi7-tui7,金耳墜,348
Kau2-be2-tshau2,狗尾草,348
Kim-so2-si5,金鎖匙,349
Tsui2-tshau2,水草,349
Tshin3-png7-thng,€飯藤,349
Hai2-ka-tang,海茄苳,349
Hai2-ka-tin5,海茄藤,349
Tshoo-khng-a2,粗糠仔,350
Peh8-tshoo-khng-a2,白粗糠仔,350
Tai7-ting-hong5,大丁黃,350
Mng5-tsiong-kun,毛將軍,350
Ang5-bin7-mng5-tsiong-kun,紅面毛將軍,350
Poo-tshau2-iunn7,埔草樣,351
Tshau3-bak8-ni7,臭茉莉、臭€莉,351
Peh8-hue-khoo2-na5-puann5,白花苦藍盤,351
Khoo2-na5-puann5,苦藍盤,351
Peh8-ling5-tsun5-hue,白龍船花,351
Ling5-tsun5-hue,龍船花,351
Suann-ti-ka5,山豬枷、山豬茄,351
Goo2-ling5-lan5,五龍蘭,352
Ah-tshui3-pue-hong5,鴨嘴€黃,352
Ah-chih8-hong5,鴨舌黃,352
Ah-tshui3-hong5,鴨嘴黃,352
Hau7-khak-tshi3,鱟壳刺,352
Gu5-kut-a2-tshiu7,牛骨仔樹,353
Gu5-kut-a2,牛骨仔,353
Thih-tio3-kuann,鐵釣竿,353
Thih-bi2-pinn,鐵馬鞭,353
Be2-pinn-tshau2,馬鞭草,353
Te5-bi2-tshau2,茶米草,353
Poh8-kiunn-a2,薄姜仔,353
Mua5-a2,蔴仔,353
Poo-kiunn,埔姜,353
M7-kiann-te5,不驚茶,353
M7-kiann-king,不驚經,353
Suann-poo-kiunn,山埔姜,353
OO-tinn,烏甜,353
OO-tinn-a2,烏甜仔,353
Poo3-kiunn,布姜,353
€,蒲荊,353
Hai2-poo-kiunn,海埔姜,353
Peh8-poo-kiunn,白埔姜,353
Tsat-tsat-ang5,節節紅,354
Tsiam-be2-hong,尖尾風,354
San3-huih-tshau2,臭天黃,354
Kim-kiam3-tshau2,金劍草,354
Tshai3-tshau2-thau5,菜草頭,354
Sat-bu2-thau5,虱母頭,354
Buah-tshau2,抹草,354
Hi5-tsiam-tshau2,魚針草,354
He7-koo-tshau2,夏枯草,354
Peh8-hue-a2-tshau2,白花仔草,355
Te5-si5-hong5,茶匙黃,355
Siunn-su-tshau2,相思草,355
Kim-tsinn5-poh8-ho,金錢薄荷,355
Hoo2-ka7-hong5,虎咬廣,355
Poo3-kut-siau,布骨梢,355
phann3-kut-siau,€骨橚,356
Peh8-phann3-kut-siau,白€骨橚,356
Ang5-phann3-kut-siau,紅€骨橚,356
Kue-kha-tshau2,鷄脚草,356
Tik8-lan5,澤蘭,356
Lok8-a2-tshai3,鹿仔菜,356
Ah-bu2-tshau2,益母草,356
Peh8-ah-be2-tshau2,白益母草,356
Peh8-khun-tshau2,白昆草,356
Kim-tsinn5-poh8-ho,金錢薄荷,357
Peh8-hue-tshau2,白花草,357
Tshau2-be2-hong5,鼠尾黃,357
Poh8-ho,薄荷,357
Sian-tshau2,仙草,357
Thoo2-giu5-tshit,土牛七,358
Thih-bok8-kun3,鐵木棍,358
It-ki-hiunn,一枝香,358
Hiunn-ju5,香榆,358
Hiunn-hu5,香符,358
Tshua3-pan2-tshau2,蔡板草,358
Kau2-tsan3-thah,九層塔,358
Tsi2-soo,紫蘇,358
Ang5-tsi2-soo,紅紫蘇,358
Suann-tsi2-soo,山紫蘇,359
Peh8-tsi2-soo,白紫蘇,359
He5-koo-tshau2,蝦蛄草,360
Hiong3-thian-tsuann2,向天盞,360
Huan-kiunn,蕃姜、蕃薑,361
Ban7-tho5-hue,萬桃花,362
Phah-pua3-uann2-hue,打破碗花,362
Te7-kut-phi5,地骨皮,362
Kam-a2-bìt8,甘仔蜜,362
Ang5-hi7-a2-tshu3,紅耳仔厝,362
Koo2-ki2,枸杞,362
Ang5-hi7-a2-bit8,紅耳仔蜜,362
Huan-kiunn,蕃薑,362
Hun-tshau2,煙草,363
Ting-long5-tshau2,登郎草,363
Phau3-a2-tshau2,炮仔草,363
Kam-a-bit8,甘仔蜜,363
Peh8-kau7-phoh,白厚朴,363
Iah8-a2-tshau2,蝶仔草,363
Kim-tiau3-liu2,金€鈕,363
Hi7-kau-tshau2,耳鉤草,363
Ng5-tsui2-kio5,黃水茄,364
Goo7-theh8-kio5,五宅茄,364
Tshi3-kam-a2,刺柑仔,364
Ng5-tsui2-kio5,黃水茄,364
Liu2-a2-kio5,鈕仔茄,364
Liu2-a2-hong5,柳仔黃,364
Kio5,茄,364
Kio5-a2,茄仔,364
OO-tshi3-kio5,烏刺茄,364
OO-tsi2-a2-tshai3,烏子仔菜,364
OO-tsi2-a2-tshau2,烏子仔草,364
OO-a2-tshai3,烏仔菜,364
OO-tsi2-kio5,烏子茄,364
Tshi3-kio5,刺茄,364
Tsui2-kio5,水茄,364
Liu2-hioh8-kio5,柳葉茄,365
Liu2-a2-kio5,鈕仔茄,365
Thoo2-hun,土烟,365
Ban7-tho5-hue,萬桃花,365
Jit8-pun2-han-tsu5,日本番薯,365
Ho5-lan5-tsu5,荷蘭薯,365
Huan-a2-han-tsu5,蕃仔蕃薯,365
Bang2-a2-hun,蚊仔煙,365
Suann-hun-tshau2,山煙草,365
Sinn-mng5-tsiong-kun,生毛將軍,365
Suann-huan-a2-hun,山蕃仔煙,365
Thoo2-hun,土煙,365
Kim-so2-si5,金鎖匙,365
Ting7-king-tshau2,定經草,366
Kue-tsih8-hong5,鷄舌黃,366
Ah-tsih8-hong5,鴨舌黃,366
Ah-bu2-tshau2,鴨母草,366
Ting7-king-tshau2,定經草,366
Tsui2-ting-hong5,水丁黃,366
Tshan5-hiunn-tshau2,田香草,366
Kian3-hong5-hong5,見紅黃,367
Lak8-kak-ting7-king-tshau2,六角定經草,367
Gong7-tshiu7,戇樹,368
Lam5-tau5-ngoo5-tong5,南投梧桐,368
Ngoo5-tong5,梧桐,368
Tua7-gong7-tshiu7,大戇樹,368
Ngoo5-tong5,梧桐,368
Peh8-tong5,白桐,368
Gong7-tshiu7,戇樹,368
To2-tue7-gia5-kang,倒地蜈蚣,369
Ting3-tue7-gia5-kang,釘地蜈蚣,369
Suann-kuah-tshai3,山葛菜,370
Suann-tshai3-tau7,山菜豆,371
Suann-khoo2-ling7,山苦楝,371
khoo2-ling7-ku7,苦楝舅,371
Peh8-mua5,白麻,371
OO-mua5,烏麻,371
Tsi-mua5,芝麻,371
Iu5-mua5,油麻,371
Kim-so2-si5,金鎖匙,371
Te5-si5-hong5,茶匙黃,371
OO7-koo-tshau2,芋菰草,371
Kim-hi5-tshau2,金魚草,373
Tsit-a2-tann2,鯽仔膽,375
Lak8-kak-ing,六角英,375
Tsiam-be2-hong,尖尾峯,375
Tik8-lan5,澤蘭,375
Tshu2-be2-hong5,鼠尾紅,375
Sio2-tshu2-be2-hong5,小鼠尾黃,375
Beh-sui7-hong,麥穗黃,375
Hong7-be2-hong5,鳳尾黃,375
Tshu2-kun-hong5,鼠筋黃,375
Tshu2-be2-hong5,鼠尾黃,376
Suann-tshinn,山菁,376
Tua7-tshinn,大菁,376
Khoo2-na5-puann5,苦藍盤,377
Tinn-a2-puann5,甜仔盤,377
Gi7-na5-puann5,義藍盤,377
Ku-tsian5-tshau2,車前草,377
Goo7-kun-tshau2,五根草,377
Ah-tsih-hong5,鴨舌黃,377
Te5-si5-hong5,茶匙黃,377
Hoo2-tshi3,虎刺,379
Kau2-kut-á,狗骨仔,379
Suann-ng5-ki,山黃枝,380
Suann-ng5-kinn,山黃梔,380
Ng5-ki-hue,黃枝花,380
Ng5-ki,黃枝,380
Peh8-jin5,白仁,380
Peh8-lin5,白隣,380
Sian7-pok8,善薄,380
Su3-kui3-ng5-ki,四季黃枝,381
Kau2-kut-siau,狗骨消,381
Sian-tan,仙丹,381
Tsui2-tang-kue,水冬瓜,382
Lai5-a2,梨仔,383
Lam2-jin5-ku7,欖仁舅,383
Ling5-thoo3-tsu,龍吐珠,384
Tsu-a2-tshau2,珠仔草,384
Ting7-king-tshau2,定經草,384
Kue-tsi-tshau2,瓜子草,384
Kau-tin5,鈎藤,385
To3-tiau3-hong,倒€風,385
Kue-sai2-tin5,鷄屎藤,385
Kue-phang-tin5,鷄香藤,385
Peh8-kue-sai2-tin5,白鷄屎藤,385
Khinn5-piah-ling5,€壁龍,386
Hong-put-tong7-tin5,風不動藤,386
Tshi3-a2,刺仔,386
Ang5-tin5-a2-tshau2,紅藤仔草,386
Ang5-kun-a2-tshau2,紅根仔草,386
Kim-kiam3-tshau2,金劍草,386
Phun3-seh,噴雪,387
Tsui2-kim-kiann,水金京、水金驚,387
Tsui2-hun5-a2,水魂仔,387
Tsui2-kim-tiann7,水金定,387
Phann3-kut-siau,€骨消,388
Tshit-hioh8-lian5,七葉蓮,388
Kim-gun5-hue,金銀花,388
Jim2-tang-tin5,忍冬藤,388
Su3-si5-tshun,四時春,388
Suann-ti-bah,山豬肉,388
Ang5-tsi2-a2,紅子仔,389
Tshuan-san-liong5,穿山龍,391
Tang-kue,冬瓜、苳瓜,391
Si-kue,西瓜,392
Am-kue,菴瓜、庵瓜,392
Tshi2-kue,刺瓜、莿瓜,392
Kim-kue,金瓜,392
Kim-kue,金瓜,393
Kim-si-goo2-jiau2-ling5,金絲五爪龍,393
Ling5-tshiu-tin5,龍鬚藤,393
Goo2-jiau2-hun2-tin5,五爪粉藤,393
Pu5-a2,匏仔,393
Ho5-loo5-pu5,葫蘆匏,393
Tshai3-kue,菜瓜,393
Si-kue,絲瓜,393
To3-tiau3-kim-tsing,倒€金鐘,394
Suann-tshi3-kue,山刺瓜,394
Khoo2-kue,苦瓜,394
Tshau3-sai2-kue,臭屎瓜,394
Na5-tau5-koo,林投菰,394
Bok8-pih-tsu2,木鼈子,394
Thian-tshau2,天草,394
Kau2-sai2-kue,狗屎瓜,394
Tshau3-kue,臭瓜,394
Kau2-sai2-kue,狗屎瓜,395
Tsui2-sian-hue-tshau2,水仙花草,397
Liam-lat8-a2-tshau2,拈力仔草,397
Tsui2-tshau2,水草,397
Sue3-hioh8-tsui2-tshau2,細葉水草,397
Si3-hioh8-tsi2-soo,四葉紫蘇,398
Tik-tsat-hong5,竹節黃,398
Lam5-hong-tshau2,南風草,398
It-ki-hiunn,一枝香,398
Liu2-a2-hong5,柳仔黃,398
Sue3-pun2-tshan5-inn-png7,細本蜻蜓飯,398
Bang2-a2-hun-tshau2,蚊仔煙草,400
Tshinn-o-tshau2,青萵草,400
Tshinn-o,青荷,400
Tsin-tsu-tshai3,珍珠菜、真珠菜,400
Kak-tshai3,角菜,400
Tinn-tshai3,甜菜,400
Hiann7,艾,401
Ki5-gai7,祈艾,401
Siong-sit8-tshau2,傷食草,401
Khui-pi5-tshau2,開脾草,401
Thih-tio3-kuann,鐵釣竿,402
Suann-khoo2-ling7,山苦楝,402
Ham5-hong-tshau2,咸豐草,402
Tong5-ti7-tshau2,同治草,402
Tai7-hong-tshau2,大楓草、大風草,403
Tai7-ting-hong5,大丁黃,403
Tai7-hong5-tshau2,大黃草,403
Kua3-tshiu2-hiunn,蓋手香,403
Sann-liam7-tshau2,三€草,403
Sinn-mng5-tsiong-kun,生毛將軍,403
Suann-peh8-tshai3,山白菜,403
Tsau2-be2-thai,走馬胎,404
Sang-hap8-kiam3-hioh8-tshau2,雙合劍葉草,404
Mng5-tsiong-kun,毛將軍,404
Thoo3-hi7-tshau2,兔耳草,404
Kim-tsuann2,金盞,404
Tsu-a2-tshau2,珠仔草,405
Mua2-thian-sing,滿天星,405
Iah8-a2-tshau2,蝶仔草,405
Peh8-kiok-hue,白菊花,405
Kiok-a2,菊仔,406
Kiok-hue,菊花,406
Kak-hue,菊花,406
Tang-e-tshai3,苳萵菜,406
Tang5-o-tshai3,茼萵菜,406
Phah-boo2-tshai3,打妻菜,406
Tang-o,茼萵,406
Kue-ke3-kng2,雞€卷,406
Kue-kak-tshi3,雞€刺,406
Suann-kua3-tshai3,山芥菜,408
Suann-kun-ling5,山根龍,408
Suann-kue-tshai3,山瓜菜,408
Suann-pe-ling5,山菠薐,408
Tau3-piah-hong5,罩壁黃,408
Phu5-iong5,芙蓉,408
Ti-tshai3-tshau2,豬菜草,408
Sue3-ho7-liam-lat8-a2,細號拈力仔,408
Tshan5-oo-tshau2,田烏草,408
OO-tshan5-oo,烏田烏,408
tshan5-oo-a2-tshau2,田烏仔草,408
Peh8-ting-khia7-u,白登竪杇,408
Ham5-hong-tshau2,咸豐草,408
Ting-khia7-u,登竪杇,409
Ang5-ting-khia7-u,紅登竪杇,409
Sue3-pun2-ting-khia7-u,細本登竪杇,409
Hioh8-e7-ang5,葉下紅,409
Siau-sit-tshau2,€€草,409
Hiunn-tshau2,香草,410
Phang-tshau2,香草,410
Peh8-hue-a2-tshau2,白花仔草,410
Tua7-peh8-hue,大白花,410
Tua7-pun2-peh8-hue-a2-tshau2,大本白花仔草,410
Lak8-geh8-seh,六月雪,410
Tsiam-be2-hong,尖尾風,410
Tek8-lan5-tshau2,澤蘭草,410
Pan-tik-siunn-si,班竹相思,410
Suann-tik8-lan5,山澤蘭,410
Sim-kong-tshau2,心廣草,410
Tik8-lan5,澤蘭,410
Hiong-ju5,香茹,411
Ang5-bin7-huan,紅面番,411
Tshu2-khak-ku7,鼠殼舅、鼠麴舅,411
Tshing-bing5-tshau2,清明草,411
Tshu2-khak,鼠麴,411
Tshu2-khak-tshau2,鼠麴草,411
Ang5-tshai3,紅菜,412
Ang5-hong7-tshai3,紅鳳菜,412
Peh8-hong7-tshai3,白鳳菜,412
Hiong3-jit8-kui5,向日葵,412
Gia5-a2-tshau2,鵞仔草,413
Thoo3-a2-tshai3,兔仔草,413
Poo5-kong-ing,蒲公英,413
Sio2-kim-ing,小金英,413
Gia5-a2-tshài,鵞仔菜,413
Ing-a2-tshau2,英仔草,413
Gia5-a2-tshau2,鵞仔草,414
Poo5-kong-ing,蒲公英,414
Mua2-thian-sing,滿天星,414
Ing-a2-tshau2,英仔草,414
Be2-be2-si,馬尾絲,414
Suann-kua3-tshai3,山芥菜,414
To-siong-tshau2,刀傷草,414
E-a2-tshai3,萵仔菜,414
Iunn5-kak-sam-kiam3,羊角三劍,415
Lak8-kak-tshau2,六角草,415
Suann-kiok,山菊,415
Tsit-a2-tann2,鯽仔膽,416
Ti-sai2-tshai3,豬屎菜,417
Hi-tshiam-tshau2,稀簽草,417
Sann-pan2-to,三版刀,418
Thih-kun5-thau5,鐵拳頭,418
Kim-tsai3-kau,金再鈎,418
Tshinn-ki-hiunn,生支香,419
It-ki-hiunn,一枝香,419
Liam-lat8-a2,拈力仔,419
Tshan5-oo-tshau2,田烏草,419
Ng5-hue-tshan5-loo7-tshau2,黃花田路草,419
Tsua5-tsih8-hong5,蛇舌黃,419
Thian-hong5-tshau2-ku7,天紅草舅,419
Iunn5-tai3-lai5,羊帶來,420
Sat-bu2-tsi2,虱母子,420
Pah-jit8-tshau2,百日草,420